Timestamp,How do you want the spoiler rule for Mastermind Junko changed? [First Choice],How do you want the spoiler rule for Mastermind Junko changed? [Second Choice],How do you want the spoiler rule for Mastermind Junko changed? [Third Choice],How do you want the spoiler rule for Mastermind Junko changed? [Fourth Choice],How do you want the spoiler rule for Mastermind Junko changed? [Fifth Choice],Any comments or suggestions?
1/6/2025 14:21:23,"Allow Junko's hairpins, eyeliner, freckles, and chest",Allow Junko's hairpins,"Allow Junko's hairpins, eyeliner, freckles, chest, and mastermind sprites","Allow all of the above + general THH mastermind spoilers (Ultimate Despair, The Tragedy etc.)",No changes,no
1/6/2025 18:01:33,No changes,Allow Junko's hairpins,"Allow Junko's hairpins, eyeliner, freckles, and chest","Allow Junko's hairpins, eyeliner, freckles, chest, and mastermind sprites","Allow all of the above + general THH mastermind spoilers (Ultimate Despair, The Tragedy etc.)",
1/6/2025 18:43:26,No changes,Allow Junko's hairpins,"Allow Junko's hairpins, eyeliner, freckles, and chest","Allow Junko's hairpins, eyeliner, freckles, chest, and mastermind sprites","Allow all of the above + general THH mastermind spoilers (Ultimate Despair, The Tragedy etc.)","The rule is fine as-is. The fewer changes, the better."
1/6/2025 18:44:02,"Allow all of the above + general THH mastermind spoilers (Ultimate Despair, The Tragedy etc.)","Allow Junko's hairpins, eyeliner, freckles, chest, and mastermind sprites","Allow Junko's hairpins, eyeliner, freckles, and chest",Allow Junko's hairpins,No changes,
1/6/2025 18:50:36,No changes,Allow Junko's hairpins,"Allow Junko's hairpins, eyeliner, freckles, and chest","Allow Junko's hairpins, eyeliner, freckles, chest, and mastermind sprites","Allow all of the above + general THH mastermind spoilers (Ultimate Despair, The Tragedy etc.)",
1/6/2025 18:47:57,"Allow Junko's hairpins, eyeliner, freckles, and chest",Allow Junko's hairpins,No changes,"Allow Junko's hairpins, eyeliner, freckles, chest, and mastermind sprites","Allow all of the above + general THH mastermind spoilers (Ultimate Despair, The Tragedy etc.)",
1/6/2025 18:53:54,Allow Junko's hairpins,No changes,"Allow Junko's hairpins, eyeliner, freckles, and chest","Allow Junko's hairpins, eyeliner, freckles, chest, and mastermind sprites","Allow all of the above + general THH mastermind spoilers (Ultimate Despair, The Tragedy etc.)",Wouldn't it cause such despair to reveal spoilers? Junko certainly would think so.
1/6/2025 19:01:23,"Allow Junko's hairpins, eyeliner, freckles, and chest",Allow Junko's hairpins,"Allow Junko's hairpins, eyeliner, freckles, chest, and mastermind sprites",No changes,"Allow all of the above + general THH mastermind spoilers (Ultimate Despair, The Tragedy etc.)",
1/6/2025 19:03:42,"Allow Junko's hairpins, eyeliner, freckles, and chest",Allow Junko's hairpins,No changes,"Allow Junko's hairpins, eyeliner, freckles, chest, and mastermind sprites","Allow all of the above + general THH mastermind spoilers (Ultimate Despair, The Tragedy etc.)",
1/6/2025 19:10:42,"Allow Junko's hairpins, eyeliner, freckles, and chest",Allow Junko's hairpins,"Allow Junko's hairpins, eyeliner, freckles, chest, and mastermind sprites",No changes,"Allow all of the above + general THH mastermind spoilers (Ultimate Despair, The Tragedy etc.)",
1/6/2025 19:18:00,"Allow all of the above + general THH mastermind spoilers (Ultimate Despair, The Tragedy etc.)","Allow Junko's hairpins, eyeliner, freckles, chest, and mastermind sprites","Allow Junko's hairpins, eyeliner, freckles, and chest",Allow Junko's hairpins,No changes,
1/6/2025 19:23:22,"Allow Junko's hairpins, eyeliner, freckles, and chest","Allow all of the above + general THH mastermind spoilers (Ultimate Despair, The Tragedy etc.)",Allow Junko's hairpins,"Allow Junko's hairpins, eyeliner, freckles, chest, and mastermind sprites",No changes,
1/6/2025 19:28:57,"Allow Junko's hairpins, eyeliner, freckles, and chest",Allow Junko's hairpins,"Allow Junko's hairpins, eyeliner, freckles, chest, and mastermind sprites",No changes,"Allow all of the above + general THH mastermind spoilers (Ultimate Despair, The Tragedy etc.)",
1/6/2025 19:58:05,"Allow Junko's hairpins, eyeliner, freckles, and chest",Allow Junko's hairpins,No changes,"Allow Junko's hairpins, eyeliner, freckles, chest, and mastermind sprites","Allow all of the above + general THH mastermind spoilers (Ultimate Despair, The Tragedy etc.)",
1/6/2025 20:09:32,"Allow Junko's hairpins, eyeliner, freckles, chest, and mastermind sprites","Allow Junko's hairpins, eyeliner, freckles, and chest",No changes,Allow Junko's hairpins,"Allow all of the above + general THH mastermind spoilers (Ultimate Despair, The Tragedy etc.)","If the rules were changed to allow most elements of Junko's look unspoiled, I feel like it would be fair to basically allow showing her, but always keeping the fact she's connected to the despair or being the mastermind hidden. Like, she can be showed on fan art without the spoiler tag, but if the title mentions despair, or the mastermind, or if the fanart itself suggests her final role, it should be spoiler tagged. Same with just her mastermind sprites, edits of them, etc. And I guess this should apply to memes and tier lists as well."
1/6/2025 20:30:50,No changes,Allow Junko's hairpins,"Allow Junko's hairpins, eyeliner, freckles, and chest","Allow Junko's hairpins, eyeliner, freckles, chest, and mastermind sprites","Allow all of the above + general THH mastermind spoilers (Ultimate Despair, The Tragedy etc.)",
1/6/2025 20:47:49,"Allow Junko's hairpins, eyeliner, freckles, and chest",Allow Junko's hairpins,No changes,"Allow Junko's hairpins, eyeliner, freckles, chest, and mastermind sprites","Allow all of the above + general THH mastermind spoilers (Ultimate Despair, The Tragedy etc.)",
1/6/2025 21:18:13,No changes,Allow Junko's hairpins,"Allow Junko's hairpins, eyeliner, freckles, and chest","Allow Junko's hairpins, eyeliner, freckles, chest, and mastermind sprites","Allow all of the above + general THH mastermind spoilers (Ultimate Despair, The Tragedy etc.)","Ima be real, if someone is coming onto Reddit, they should have played all the games and be fine with spoilers for the stuff they didn't know about, but regardless I don't want to ruin anyone's suprise. I am kinda fine with hairpins since it could be interpreted as a fan sprite, but even then I think the spoiler rule is fine as is."
1/6/2025 21:20:39,"Allow all of the above + general THH mastermind spoilers (Ultimate Despair, The Tragedy etc.)","Allow Junko's hairpins, eyeliner, freckles, chest, and mastermind sprites","Allow Junko's hairpins, eyeliner, freckles, and chest",Allow Junko's hairpins,No changes,"I get spoilers for random cases/ “newer” content, but THH is like 10 years old and not even Spike Chunisoft is trying to hide the reveals from THH. 99% of people on the sub already know about Junko anyway, and the 1% that don’t know probably didn’t care about spoilers if they’re browsing the Reddit page"
1/6/2025 21:31:08,"Allow Junko's hairpins, eyeliner, freckles, and chest",No changes,Allow Junko's hairpins,"Allow Junko's hairpins, eyeliner, freckles, chest, and mastermind sprites","Allow all of the above + general THH mastermind spoilers (Ultimate Despair, The Tragedy etc.)",
1/6/2025 21:43:21,"Allow all of the above + general THH mastermind spoilers (Ultimate Despair, The Tragedy etc.)","Allow Junko's hairpins, eyeliner, freckles, chest, and mastermind sprites","Allow Junko's hairpins, eyeliner, freckles, and chest",Allow Junko's hairpins,No changes,
1/6/2025 22:36:26,"Allow Junko's hairpins, eyeliner, freckles, chest, and mastermind sprites","Allow Junko's hairpins, eyeliner, freckles, and chest",Allow Junko's hairpins,"Allow all of the above + general THH mastermind spoilers (Ultimate Despair, The Tragedy etc.)",No changes,
1/6/2025 22:37:36,"Allow Junko's hairpins, eyeliner, freckles, chest, and mastermind sprites","Allow all of the above + general THH mastermind spoilers (Ultimate Despair, The Tragedy etc.)","Allow Junko's hairpins, eyeliner, freckles, and chest",Allow Junko's hairpins,No changes,
1/6/2025 22:49:22,"Allow Junko's hairpins, eyeliner, freckles, and chest",Allow Junko's hairpins,"Allow Junko's hairpins, eyeliner, freckles, chest, and mastermind sprites",No changes,"Allow all of the above + general THH mastermind spoilers (Ultimate Despair, The Tragedy etc.)",
1/6/2025 22:54:46,"Allow all of the above + general THH mastermind spoilers (Ultimate Despair, The Tragedy etc.)","Allow Junko's hairpins, eyeliner, freckles, chest, and mastermind sprites","Allow Junko's hairpins, eyeliner, freckles, and chest",Allow Junko's hairpins,No changes,
1/6/2025 23:14:01,No changes,Allow Junko's hairpins,"Allow Junko's hairpins, eyeliner, freckles, and chest","Allow Junko's hairpins, eyeliner, freckles, chest, and mastermind sprites","Allow all of the above + general THH mastermind spoilers (Ultimate Despair, The Tragedy etc.)","I would prefer the 3rd option without the hairpin just becuase it's a lot less direct hint to the mastermind. Like, if you change junko hairpin in her sprite people probably not going to assume she the mastermind."
1/6/2025 23:15:52,"Allow Junko's hairpins, eyeliner, freckles, and chest","Allow Junko's hairpins, eyeliner, freckles, chest, and mastermind sprites",Allow Junko's hairpins,"Allow all of the above + general THH mastermind spoilers (Ultimate Despair, The Tragedy etc.)",No changes,
1/6/2025 23:26:15,No changes,Allow Junko's hairpins,"Allow Junko's hairpins, eyeliner, freckles, and chest","Allow Junko's hairpins, eyeliner, freckles, chest, and mastermind sprites","Allow all of the above + general THH mastermind spoilers (Ultimate Despair, The Tragedy etc.)",
1/7/2025 0:00:50,No changes,Allow Junko's hairpins,"Allow Junko's hairpins, eyeliner, freckles, and chest","Allow Junko's hairpins, eyeliner, freckles, chest, and mastermind sprites","Allow all of the above + general THH mastermind spoilers (Ultimate Despair, The Tragedy etc.)",
1/7/2025 0:09:33,No changes,Allow Junko's hairpins,"Allow Junko's hairpins, eyeliner, freckles, and chest","Allow Junko's hairpins, eyeliner, freckles, chest, and mastermind sprites","Allow all of the above + general THH mastermind spoilers (Ultimate Despair, The Tragedy etc.)",
1/7/2025 1:49:31,"Allow Junko's hairpins, eyeliner, freckles, and chest",Allow Junko's hairpins,No changes,"Allow Junko's hairpins, eyeliner, freckles, chest, and mastermind sprites","Allow all of the above + general THH mastermind spoilers (Ultimate Despair, The Tragedy etc.)",I JUST WANT TO BE PART OF YOUR SYMPHONYYYYY
1/7/2025 3:13:39,Allow Junko's hairpins,"Allow Junko's hairpins, eyeliner, freckles, and chest",No changes,"Allow Junko's hairpins, eyeliner, freckles, chest, and mastermind sprites","Allow all of the above + general THH mastermind spoilers (Ultimate Despair, The Tragedy etc.)","imagine, if you will, a scenario wherein I wrote the bulk of this suggestion at 9 AM, and then woke up only to discover the monstrosity I had created in my fleeting hubris"
1/7/2025 4:49:59,"Allow Junko's hairpins, eyeliner, freckles, and chest",Allow Junko's hairpins,No changes,"Allow Junko's hairpins, eyeliner, freckles, chest, and mastermind sprites","Allow all of the above + general THH mastermind spoilers (Ultimate Despair, The Tragedy etc.)",
1/7/2025 5:23:34,No changes,Allow Junko's hairpins,"Allow Junko's hairpins, eyeliner, freckles, and chest","Allow Junko's hairpins, eyeliner, freckles, chest, and mastermind sprites","Allow all of the above + general THH mastermind spoilers (Ultimate Despair, The Tragedy etc.)",
1/7/2025 6:47:47,Allow Junko's hairpins,No changes,"Allow Junko's hairpins, eyeliner, freckles, and chest","Allow Junko's hairpins, eyeliner, freckles, chest, and mastermind sprites","Allow all of the above + general THH mastermind spoilers (Ultimate Despair, The Tragedy etc.)",
1/7/2025 6:53:17,No changes,Allow Junko's hairpins,"Allow Junko's hairpins, eyeliner, freckles, and chest","Allow Junko's hairpins, eyeliner, freckles, chest, and mastermind sprites","Allow all of the above + general THH mastermind spoilers (Ultimate Despair, The Tragedy etc.)",(offtop) any way to deal with hornposting in sub? it's kinda weird for the main DR sub to have half of post nsfw tagged bc of yet another borderline porn. also thx for all your work.
1/7/2025 6:54:55,No changes,Allow Junko's hairpins,"Allow Junko's hairpins, eyeliner, freckles, and chest","Allow Junko's hairpins, eyeliner, freckles, chest, and mastermind sprites","Allow all of the above + general THH mastermind spoilers (Ultimate Despair, The Tragedy etc.)",
1/7/2025 9:34:38,No changes,Allow Junko's hairpins,"Allow Junko's hairpins, eyeliner, freckles, and chest","Allow Junko's hairpins, eyeliner, freckles, chest, and mastermind sprites","Allow all of the above + general THH mastermind spoilers (Ultimate Despair, The Tragedy etc.)",
1/7/2025 10:03:22,"Allow Junko's hairpins, eyeliner, freckles, and chest",Allow Junko's hairpins,No changes,"Allow Junko's hairpins, eyeliner, freckles, chest, and mastermind sprites","Allow all of the above + general THH mastermind spoilers (Ultimate Despair, The Tragedy etc.)",
1/7/2025 12:25:54,Allow Junko's hairpins,"Allow Junko's hairpins, eyeliner, freckles, and chest",No changes,"Allow Junko's hairpins, eyeliner, freckles, chest, and mastermind sprites","Allow all of the above + general THH mastermind spoilers (Ultimate Despair, The Tragedy etc.)",
1/7/2025 12:37:27,"Allow all of the above + general THH mastermind spoilers (Ultimate Despair, The Tragedy etc.)","Allow Junko's hairpins, eyeliner, freckles, chest, and mastermind sprites","Allow Junko's hairpins, eyeliner, freckles, and chest",Allow Junko's hairpins,No changes,
1/7/2025 12:56:44,Allow Junko's hairpins,"Allow Junko's hairpins, eyeliner, freckles, and chest","Allow Junko's hairpins, eyeliner, freckles, chest, and mastermind sprites","Allow all of the above + general THH mastermind spoilers (Ultimate Despair, The Tragedy etc.)",No changes,
1/7/2025 16:38:11,"Allow Junko's hairpins, eyeliner, freckles, and chest",Allow Junko's hairpins,"Allow Junko's hairpins, eyeliner, freckles, chest, and mastermind sprites",No changes,"Allow all of the above + general THH mastermind spoilers (Ultimate Despair, The Tragedy etc.)",naaah i dont have any comments or suggestions
1/7/2025 19:16:08,"Allow Junko's hairpins, eyeliner, freckles, and chest","Allow Junko's hairpins, eyeliner, freckles, chest, and mastermind sprites",No changes,Allow Junko's hairpins,"Allow all of the above + general THH mastermind spoilers (Ultimate Despair, The Tragedy etc.)","freckles, eyeliner and chest should be allowed, it's a minor detail"
1/8/2025 2:43:38,No changes,"Allow Junko's hairpins, eyeliner, freckles, and chest",Allow Junko's hairpins,"Allow all of the above + general THH mastermind spoilers (Ultimate Despair, The Tragedy etc.)","Allow Junko's hairpins, eyeliner, freckles, chest, and mastermind sprites","As long as they mark it as spoiler, it should be fine. Disclaimer in the rules maybe?"
1/8/2025 9:27:54,No changes,Allow Junko's hairpins,"Allow Junko's hairpins, eyeliner, freckles, and chest","Allow Junko's hairpins, eyeliner, freckles, chest, and mastermind sprites","Allow all of the above + general THH mastermind spoilers (Ultimate Despair, The Tragedy etc.)",
1/8/2025 11:16:43,"Allow Junko's hairpins, eyeliner, freckles, and chest",Allow Junko's hairpins,"Allow Junko's hairpins, eyeliner, freckles, chest, and mastermind sprites",No changes,"Allow all of the above + general THH mastermind spoilers (Ultimate Despair, The Tragedy etc.)",
1/8/2025 12:05:28,No changes,Allow Junko's hairpins,"Allow Junko's hairpins, eyeliner, freckles, and chest","Allow Junko's hairpins, eyeliner, freckles, chest, and mastermind sprites","Allow all of the above + general THH mastermind spoilers (Ultimate Despair, The Tragedy etc.)",
1/8/2025 12:37:16,"Allow Junko's hairpins, eyeliner, freckles, chest, and mastermind sprites","Allow Junko's hairpins, eyeliner, freckles, and chest",Allow Junko's hairpins,"Allow all of the above + general THH mastermind spoilers (Ultimate Despair, The Tragedy etc.)",No changes,This is the equivalent of trying to hide that Darth Vader is Anakin Skywalker - you can't really prevent people from knowing that Junko is the mastermind of DR1 given how substantially popular her character is. She's a significantly popular character to the point where only those who absolutely have never heard of the series before will be prevented from being spoiled on her hairpins form at the very least.
1/8/2025 19:13:45,"Allow all of the above + general THH mastermind spoilers (Ultimate Despair, The Tragedy etc.)","Allow Junko's hairpins, eyeliner, freckles, chest, and mastermind sprites","Allow Junko's hairpins, eyeliner, freckles, and chest",Allow Junko's hairpins,No changes,Nope
1/8/2025 22:08:34,"Allow Junko's hairpins, eyeliner, freckles, and chest",Allow Junko's hairpins,"Allow Junko's hairpins, eyeliner, freckles, chest, and mastermind sprites",No changes,"Allow all of the above + general THH mastermind spoilers (Ultimate Despair, The Tragedy etc.)",
1/8/2025 23:12:07,"Allow all of the above + general THH mastermind spoilers (Ultimate Despair, The Tragedy etc.)","Allow Junko's hairpins, eyeliner, freckles, chest, and mastermind sprites","Allow Junko's hairpins, eyeliner, freckles, and chest",Allow Junko's hairpins,No changes,
1/9/2025 7:01:19,"Allow Junko's hairpins, eyeliner, freckles, and chest",No changes,Allow Junko's hairpins,"Allow Junko's hairpins, eyeliner, freckles, chest, and mastermind sprites","Allow all of the above + general THH mastermind spoilers (Ultimate Despair, The Tragedy etc.)",
1/10/2025 0:28:49,"Allow all of the above + general THH mastermind spoilers (Ultimate Despair, The Tragedy etc.)","Allow Junko's hairpins, eyeliner, freckles, chest, and mastermind sprites","Allow Junko's hairpins, eyeliner, freckles, and chest",Allow Junko's hairpins,No changes,
1/10/2025 0:30:07,"Allow Junko's hairpins, eyeliner, freckles, chest, and mastermind sprites","Allow Junko's hairpins, eyeliner, freckles, and chest",Allow Junko's hairpins,"Allow all of the above + general THH mastermind spoilers (Ultimate Despair, The Tragedy etc.)",No changes,
1/10/2025 4:28:37,Allow Junko's hairpins,No changes,"Allow Junko's hairpins, eyeliner, freckles, and chest","Allow Junko's hairpins, eyeliner, freckles, chest, and mastermind sprites","Allow all of the above + general THH mastermind spoilers (Ultimate Despair, The Tragedy etc.)",
1/10/2025 6:28:08,"Allow Junko's hairpins, eyeliner, freckles, and chest",Allow Junko's hairpins,No changes,"Allow Junko's hairpins, eyeliner, freckles, chest, and mastermind sprites","Allow all of the above + general THH mastermind spoilers (Ultimate Despair, The Tragedy etc.)",
1/10/2025 6:46:55,"Allow Junko's hairpins, eyeliner, freckles, and chest",Allow Junko's hairpins,"Allow Junko's hairpins, eyeliner, freckles, chest, and mastermind sprites",No changes,"Allow all of the above + general THH mastermind spoilers (Ultimate Despair, The Tragedy etc.)",
1/10/2025 11:03:50,"Allow all of the above + general THH mastermind spoilers (Ultimate Despair, The Tragedy etc.)","Allow Junko's hairpins, eyeliner, freckles, chest, and mastermind sprites","Allow Junko's hairpins, eyeliner, freckles, and chest",Allow Junko's hairpins,No changes,N/a
1/10/2025 15:44:55,Allow Junko's hairpins,"Allow Junko's hairpins, eyeliner, freckles, and chest","Allow Junko's hairpins, eyeliner, freckles, chest, and mastermind sprites",No changes,"Allow all of the above + general THH mastermind spoilers (Ultimate Despair, The Tragedy etc.)",